<?xml version="1.0" encoding="UTF-8"?>
<!DOCTYPE hibernate-configuration PUBLIC
		"-//Hibernate/Hibernate Configuration DTD 3.0//EN"
		"http://hibernate.sourceforge.net/hibernate-configuration-3.0.dtd">
<hibernate-configuration>
    <session-factory>
        <property name="hibernate.connection.driver_class">com.mysql.jdbc.Driver</property>
        <property name="hibernate.connection.password"></property>
        <property name="hibernate.connection.url">jdbc:mysql://localhost:3306/final_project_db</property>
        <property name="hibernate.connection.username">root</property>
        <property name="hibernate.connection.password">admin</property>
        <property name="hibernate.default_schema">final_project_db</property>
        <property name="hibernate.dialect">org.hibernate.dialect.MySQL5Dialect</property>
        <property name="hibernate.hbm2ddl.auto">update</property>
        <property name="show_sql">true</property>
        
        
        <mapping class="com.Final.Project.POJO.Candidate" />
        <mapping class="com.Final.Project.POJO.Address" />
        <mapping class="com.Final.Project.POJO.User_Account" />
        <mapping class="com.Final.Project.POJO.Organization" />
        <mapping class="com.Final.Project.POJO.HR" />
        <mapping class="com.Final.Project.POJO.Job" />
        <mapping class="com.Final.Project.POJO.JobApplications" />

    </session-factory>
</hibernate-configuration>
